,iteration,fold,error_rate,train_accuracy,test_accuracy,coverage,f1_score,AUC,precision,recall
0,iteration_0,fold_0,0.18518518518518523,0.8375,0.8148148148148148,0.8518518518518519,0.888888888888889,0.6545454545454545,0.8695652173913043,0.9090909090909091
1,iteration_0,fold_1,0.4444444444444444,0.8583333333333333,0.5555555555555556,0.7407407407407407,0.7142857142857143,0.3409090909090909,0.75,0.6818181818181818
2,iteration_0,fold_2,0.2962962962962963,0.8375,0.7037037037037037,0.8518518518518519,0.8181818181818182,0.5119047619047619,0.782608695652174,0.8571428571428571
3,iteration_0,fold_3,0.14814814814814814,0.8583333333333333,0.8518518518518519,0.8518518518518519,0.909090909090909,0.7261904761904762,0.8695652173913043,0.9523809523809523
4,iteration_0,fold_4,0.33333333333333337,0.8666666666666667,0.6666666666666666,0.8148148148148148,0.7906976744186046,0.4880952380952381,0.7727272727272727,0.8095238095238095
5,iteration_0,fold_5,0.2222222222222222,0.8791666666666667,0.7777777777777778,0.8518518518518519,0.8636363636363636,0.6190476190476191,0.8260869565217391,0.9047619047619048
6,iteration_0,fold_6,0.14814814814814814,0.8458333333333333,0.8518518518518519,0.8518518518518519,0.909090909090909,0.7261904761904762,0.8695652173913043,0.9523809523809523
7,iteration_0,fold_7,0.3846153846153846,0.8713692946058091,0.6153846153846154,0.7307692307692307,0.7500000000000001,0.4571428571428572,0.7894736842105263,0.7142857142857143
8,iteration_0,fold_8,0.11538461538461542,0.8381742738589212,0.8846153846153846,0.7692307692307693,0.9268292682926829,0.8523809523809524,0.95,0.9047619047619048
9,iteration_0,fold_9,0.3076923076923077,0.8630705394190872,0.6923076923076923,0.8076923076923077,0.8095238095238095,0.5047619047619047,0.8095238095238095,0.8095238095238095
10,iteration_1,fold_0,0.14814814814814814,0.8375,0.8518518518518519,0.8888888888888888,0.9130434782608695,0.6772727272727272,0.875,0.9545454545454546
11,iteration_1,fold_1,0.2962962962962963,0.8666666666666667,0.7037037037037037,0.8148148148148148,0.8181818181818182,0.5090909090909091,0.8181818181818182,0.8181818181818182
12,iteration_1,fold_2,0.2222222222222222,0.8458333333333333,0.7777777777777778,0.7777777777777778,0.8571428571428571,0.6785714285714286,0.8571428571428571,0.8571428571428571
13,iteration_1,fold_3,0.2962962962962963,0.8625,0.7037037037037037,0.7777777777777778,0.8095238095238095,0.5714285714285714,0.8095238095238095,0.8095238095238095
14,iteration_1,fold_4,0.33333333333333337,0.8583333333333333,0.6666666666666666,0.8148148148148148,0.7906976744186046,0.4880952380952381,0.7727272727272727,0.8095238095238095
15,iteration_1,fold_5,0.33333333333333337,0.8541666666666666,0.6666666666666666,0.8148148148148148,0.7906976744186046,0.4880952380952381,0.7727272727272727,0.8095238095238095
16,iteration_1,fold_6,0.40740740740740744,0.8833333333333333,0.5925925925925926,0.6666666666666666,0.717948717948718,0.5,0.7777777777777778,0.6666666666666666
17,iteration_1,fold_7,0.3076923076923077,0.8298755186721992,0.6923076923076923,0.7307692307692307,0.8,0.5809523809523809,0.8421052631578947,0.7619047619047619
18,iteration_1,fold_8,0.1923076923076923,0.8464730290456431,0.8076923076923077,0.8461538461538461,0.8837209302325582,0.6523809523809523,0.8636363636363636,0.9047619047619048
19,iteration_1,fold_9,0.15384615384615385,0.8423236514522822,0.8461538461538461,0.9615384615384616,0.9130434782608696,0.6,0.84,1.0
20,iteration_2,fold_0,0.18518518518518523,0.8583333333333333,0.8148148148148148,0.9259259259259259,0.8936170212765958,0.5772727272727273,0.84,0.9545454545454546
21,iteration_2,fold_1,0.18518518518518523,0.8166666666666667,0.8148148148148148,0.6296296296296297,0.8717948717948718,0.8863636363636364,1.0,0.7727272727272727
22,iteration_2,fold_2,0.2222222222222222,0.8458333333333333,0.7777777777777778,0.8518518518518519,0.8636363636363636,0.6190476190476191,0.8260869565217391,0.9047619047619048
23,iteration_2,fold_3,0.2592592592592593,0.8541666666666666,0.7407407407407407,0.7407407407407407,0.8292682926829269,0.6547619047619048,0.85,0.8095238095238095
24,iteration_2,fold_4,0.14814814814814814,0.8375,0.8518518518518519,0.9259259259259259,0.9130434782608696,0.6666666666666667,0.84,1.0
25,iteration_2,fold_5,0.2222222222222222,0.8541666666666666,0.7777777777777778,0.8518518518518519,0.8636363636363636,0.6190476190476191,0.8260869565217391,0.9047619047619048
26,iteration_2,fold_6,0.2962962962962963,0.8708333333333333,0.7037037037037037,0.7777777777777778,0.8095238095238095,0.5714285714285714,0.8095238095238095,0.8095238095238095
27,iteration_2,fold_7,0.3846153846153846,0.8755186721991701,0.6153846153846154,0.8076923076923077,0.7619047619047619,0.38095238095238093,0.7619047619047619,0.7619047619047619
28,iteration_2,fold_8,0.1923076923076923,0.8423236514522822,0.8076923076923077,0.8461538461538461,0.8837209302325582,0.6523809523809523,0.8636363636363636,0.9047619047619048
29,iteration_2,fold_9,0.1923076923076923,0.8672199170124482,0.8076923076923077,0.7692307692307693,0.8780487804878048,0.7285714285714286,0.9,0.8571428571428571
30,iteration_3,fold_0,0.2222222222222222,0.8375,0.7777777777777778,0.7407407407407407,0.8571428571428572,0.7090909090909092,0.9,0.8181818181818182
31,iteration_3,fold_1,0.2222222222222222,0.8583333333333333,0.7777777777777778,0.8888888888888888,0.8695652173913043,0.5545454545454545,0.8333333333333334,0.9090909090909091
32,iteration_3,fold_2,0.2962962962962963,0.8375,0.7037037037037037,0.9259259259259259,0.8260869565217391,0.4523809523809524,0.76,0.9047619047619048
33,iteration_3,fold_3,0.18518518518518523,0.8416666666666667,0.8148148148148148,0.8148148148148148,0.8837209302325582,0.7023809523809523,0.8636363636363636,0.9047619047619048
34,iteration_3,fold_4,0.2592592592592593,0.8625,0.7407407407407407,0.8888888888888888,0.8444444444444444,0.5357142857142857,0.7916666666666666,0.9047619047619048
35,iteration_3,fold_5,0.18518518518518523,0.8458333333333333,0.8148148148148148,0.8888888888888888,0.888888888888889,0.6428571428571428,0.8333333333333334,0.9523809523809523
36,iteration_3,fold_6,0.33333333333333337,0.8625,0.6666666666666666,0.7407407407407407,0.7804878048780488,0.5476190476190477,0.8,0.7619047619047619
37,iteration_3,fold_7,0.2692307692307693,0.8672199170124482,0.7307692307692307,0.9230769230769231,0.8444444444444444,0.4523809523809524,0.7916666666666666,0.9047619047619048
38,iteration_3,fold_8,0.3076923076923077,0.8630705394190872,0.6923076923076923,0.8076923076923077,0.8095238095238095,0.5047619047619047,0.8095238095238095,0.8095238095238095
39,iteration_3,fold_9,0.23076923076923073,0.8257261410788381,0.7692307692307693,0.7307692307692307,0.8500000000000001,0.7047619047619047,0.8947368421052632,0.8095238095238095
40,iteration_4,fold_0,0.2592592592592593,0.85,0.7407407407407407,0.8518518518518519,0.8444444444444444,0.5318181818181817,0.8260869565217391,0.8636363636363636
41,iteration_4,fold_1,0.18518518518518523,0.8416666666666667,0.8148148148148148,0.7777777777777778,0.8837209302325582,0.7318181818181818,0.9047619047619048,0.8636363636363636
42,iteration_4,fold_2,0.33333333333333337,0.8583333333333333,0.6666666666666666,0.8148148148148148,0.7906976744186046,0.4880952380952381,0.7727272727272727,0.8095238095238095
43,iteration_4,fold_3,0.2222222222222222,0.85,0.7777777777777778,0.7777777777777778,0.8571428571428571,0.6785714285714286,0.8571428571428571,0.8571428571428571
44,iteration_4,fold_4,0.37037037037037035,0.8708333333333333,0.6296296296296297,0.7777777777777778,0.7619047619047619,0.4642857142857142,0.7619047619047619,0.7619047619047619
45,iteration_4,fold_5,0.33333333333333337,0.8708333333333333,0.6666666666666666,0.7407407407407407,0.7804878048780488,0.5476190476190477,0.8,0.7619047619047619
46,iteration_4,fold_6,0.2222222222222222,0.8541666666666666,0.7777777777777778,0.9259259259259259,0.8695652173913043,0.5595238095238094,0.8,0.9523809523809523
47,iteration_4,fold_7,0.1923076923076923,0.8381742738589212,0.8076923076923077,0.8461538461538461,0.8837209302325582,0.6523809523809523,0.8636363636363636,0.9047619047619048
48,iteration_4,fold_8,0.2692307692307693,0.8713692946058091,0.7307692307692307,0.8461538461538461,0.8372093023255814,0.5285714285714286,0.8181818181818182,0.8571428571428571
49,iteration_4,fold_9,0.15384615384615385,0.8298755186721992,0.8461538461538461,0.8076923076923077,0.9047619047619048,0.7523809523809524,0.9047619047619048,0.9047619047619048
50,iteration_5,fold_0,0.2592592592592593,0.8708333333333333,0.7407407407407407,0.7777777777777778,0.8372093023255814,0.6090909090909091,0.8571428571428571,0.8181818181818182
51,iteration_5,fold_1,0.2592592592592593,0.8416666666666667,0.7407407407407407,0.8518518518518519,0.8444444444444444,0.5318181818181817,0.8260869565217391,0.8636363636363636
52,iteration_5,fold_2,0.14814814814814814,0.8541666666666666,0.8518518518518519,0.9259259259259259,0.9130434782608696,0.6666666666666667,0.84,1.0
53,iteration_5,fold_3,0.2592592592592593,0.8333333333333334,0.7407407407407407,0.8888888888888888,0.8444444444444444,0.5357142857142857,0.7916666666666666,0.9047619047619048
54,iteration_5,fold_4,0.40740740740740744,0.8375,0.5925925925925926,0.6666666666666666,0.717948717948718,0.5,0.7777777777777778,0.6666666666666666
55,iteration_5,fold_5,0.2592592592592593,0.8583333333333333,0.7407407407407407,0.7407407407407407,0.8292682926829269,0.6547619047619048,0.85,0.8095238095238095
56,iteration_5,fold_6,0.18518518518518523,0.8416666666666667,0.8148148148148148,0.8148148148148148,0.8837209302325582,0.7023809523809523,0.8636363636363636,0.9047619047619048
57,iteration_5,fold_7,0.2692307692307693,0.8464730290456431,0.7307692307692307,0.9230769230769231,0.8444444444444444,0.4523809523809524,0.7916666666666666,0.9047619047619048
58,iteration_5,fold_8,0.2692307692307693,0.8713692946058091,0.7307692307692307,0.8461538461538461,0.8372093023255814,0.5285714285714286,0.8181818181818182,0.8571428571428571
59,iteration_5,fold_9,0.2692307692307693,0.8464730290456431,0.7307692307692307,0.6923076923076923,0.8205128205128205,0.680952380952381,0.8888888888888888,0.7619047619047619
60,iteration_6,fold_0,0.2592592592592593,0.8416666666666667,0.7407407407407407,0.8518518518518519,0.8444444444444444,0.5318181818181817,0.8260869565217391,0.8636363636363636
61,iteration_6,fold_1,0.33333333333333337,0.8583333333333333,0.6666666666666666,0.7037037037037037,0.7804878048780488,0.5636363636363636,0.8421052631578947,0.7272727272727273
62,iteration_6,fold_2,0.2222222222222222,0.8291666666666667,0.7777777777777778,0.7777777777777778,0.8571428571428571,0.6785714285714286,0.8571428571428571,0.8571428571428571
63,iteration_6,fold_3,0.2592592592592593,0.8666666666666667,0.7407407407407407,0.7407407407407407,0.8292682926829269,0.6547619047619048,0.85,0.8095238095238095
64,iteration_6,fold_4,0.2592592592592593,0.8708333333333333,0.7407407407407407,0.8888888888888888,0.8444444444444444,0.5357142857142857,0.7916666666666666,0.9047619047619048
65,iteration_6,fold_5,0.2592592592592593,0.8458333333333333,0.7407407407407407,0.7407407407407407,0.8292682926829269,0.6547619047619048,0.85,0.8095238095238095
66,iteration_6,fold_6,0.33333333333333337,0.8416666666666667,0.6666666666666666,0.7407407407407407,0.7804878048780488,0.5476190476190477,0.8,0.7619047619047619
67,iteration_6,fold_7,0.15384615384615385,0.8506224066390041,0.8461538461538461,0.8846153846153846,0.909090909090909,0.6761904761904762,0.8695652173913043,0.9523809523809523
68,iteration_6,fold_8,0.15384615384615385,0.8298755186721992,0.8461538461538461,0.8076923076923077,0.9047619047619048,0.7523809523809524,0.9047619047619048,0.9047619047619048
69,iteration_6,fold_9,0.3076923076923077,0.8796680497925311,0.6923076923076923,0.8076923076923077,0.8095238095238095,0.5047619047619047,0.8095238095238095,0.8095238095238095
70,iteration_7,fold_0,0.14814814814814814,0.8416666666666667,0.8518518518518519,0.8888888888888888,0.9130434782608695,0.6772727272727272,0.875,0.9545454545454546
71,iteration_7,fold_1,0.2592592592592593,0.8583333333333333,0.7407407407407407,0.9259259259259259,0.8510638297872342,0.45454545454545453,0.8,0.9090909090909091
72,iteration_7,fold_2,0.37037037037037035,0.8833333333333333,0.6296296296296297,0.8518518518518519,0.7727272727272727,0.40476190476190477,0.7391304347826086,0.8095238095238095
73,iteration_7,fold_3,0.37037037037037035,0.85,0.6296296296296297,0.7777777777777778,0.7619047619047619,0.4642857142857142,0.7619047619047619,0.7619047619047619
74,iteration_7,fold_4,0.33333333333333337,0.8416666666666667,0.6666666666666666,0.6666666666666666,0.7692307692307692,0.6071428571428572,0.8333333333333334,0.7142857142857143
75,iteration_7,fold_5,0.2222222222222222,0.8458333333333333,0.7777777777777778,0.9259259259259259,0.8695652173913043,0.5595238095238094,0.8,0.9523809523809523
76,iteration_7,fold_6,0.33333333333333337,0.8791666666666667,0.6666666666666666,0.8148148148148148,0.7906976744186046,0.4880952380952381,0.7727272727272727,0.8095238095238095
77,iteration_7,fold_7,0.23076923076923073,0.8589211618257261,0.7692307692307693,0.8076923076923077,0.8571428571428571,0.6285714285714286,0.8571428571428571,0.8571428571428571
78,iteration_7,fold_8,0.15384615384615385,0.8340248962655602,0.8461538461538461,0.7307692307692307,0.9,0.8285714285714286,0.9473684210526315,0.8571428571428571
79,iteration_7,fold_9,0.23076923076923073,0.8672199170124482,0.7692307692307693,0.7307692307692307,0.8500000000000001,0.7047619047619047,0.8947368421052632,0.8095238095238095
80,iteration_8,fold_0,0.33333333333333337,0.8416666666666667,0.6666666666666666,0.7777777777777778,0.7906976744186046,0.48636363636363633,0.8095238095238095,0.7727272727272727
81,iteration_8,fold_1,0.33333333333333337,0.8416666666666667,0.6666666666666666,0.7777777777777778,0.7906976744186046,0.48636363636363633,0.8095238095238095,0.7727272727272727
82,iteration_8,fold_2,0.2592592592592593,0.8458333333333333,0.7407407407407407,0.8148148148148148,0.8372093023255814,0.5952380952380953,0.8181818181818182,0.8571428571428571
83,iteration_8,fold_3,0.2962962962962963,0.8666666666666667,0.7037037037037037,0.8518518518518519,0.8181818181818182,0.5119047619047619,0.782608695652174,0.8571428571428571
84,iteration_8,fold_4,0.2962962962962963,0.8541666666666666,0.7037037037037037,0.9259259259259259,0.8260869565217391,0.4523809523809524,0.76,0.9047619047619048
85,iteration_8,fold_5,0.14814814814814814,0.8541666666666666,0.8518518518518519,0.8518518518518519,0.909090909090909,0.7261904761904762,0.8695652173913043,0.9523809523809523
86,iteration_8,fold_6,0.2592592592592593,0.8666666666666667,0.7407407407407407,0.7407407407407407,0.8292682926829269,0.6547619047619048,0.85,0.8095238095238095
87,iteration_8,fold_7,0.3076923076923077,0.8755186721991701,0.6923076923076923,0.8076923076923077,0.8095238095238095,0.5047619047619047,0.8095238095238095,0.8095238095238095
88,iteration_8,fold_8,0.15384615384615385,0.8381742738589212,0.8461538461538461,0.8076923076923077,0.9047619047619048,0.7523809523809524,0.9047619047619048,0.9047619047619048
89,iteration_8,fold_9,0.1923076923076923,0.8547717842323651,0.8076923076923077,0.8461538461538461,0.8837209302325582,0.6523809523809523,0.8636363636363636,0.9047619047619048
90,iteration_9,fold_0,0.18518518518518523,0.85,0.8148148148148148,0.8518518518518519,0.888888888888889,0.6545454545454545,0.8695652173913043,0.9090909090909091
91,iteration_9,fold_1,0.2592592592592593,0.8416666666666667,0.7407407407407407,0.7037037037037037,0.8292682926829269,0.6863636363636363,0.8947368421052632,0.7727272727272727
92,iteration_9,fold_2,0.2962962962962963,0.8666666666666667,0.7037037037037037,0.8518518518518519,0.8181818181818182,0.5119047619047619,0.782608695652174,0.8571428571428571
93,iteration_9,fold_3,0.18518518518518523,0.8541666666666666,0.8148148148148148,0.8888888888888888,0.888888888888889,0.6428571428571428,0.8333333333333334,0.9523809523809523
94,iteration_9,fold_4,0.2222222222222222,0.8458333333333333,0.7777777777777778,0.9259259259259259,0.8695652173913043,0.5595238095238094,0.8,0.9523809523809523
95,iteration_9,fold_5,0.18518518518518523,0.8541666666666666,0.8148148148148148,0.8148148148148148,0.8837209302325582,0.7023809523809523,0.8636363636363636,0.9047619047619048
96,iteration_9,fold_6,0.2592592592592593,0.8541666666666666,0.7407407407407407,0.8148148148148148,0.8372093023255814,0.5952380952380953,0.8181818181818182,0.8571428571428571
97,iteration_9,fold_7,0.2692307692307693,0.8257261410788381,0.7307692307692307,0.8461538461538461,0.8372093023255814,0.5285714285714286,0.8181818181818182,0.8571428571428571
98,iteration_9,fold_8,0.34615384615384615,0.8630705394190872,0.6538461538461539,0.7692307692307693,0.7804878048780488,0.4809523809523809,0.8,0.7619047619047619
99,iteration_9,fold_9,0.23076923076923073,0.8464730290456431,0.7692307692307693,0.8076923076923077,0.8571428571428571,0.6285714285714286,0.8571428571428571,0.8571428571428571
100,iteration_10,fold_0,0.18518518518518523,0.8666666666666667,0.8148148148148148,0.7777777777777778,0.8837209302325582,0.7318181818181818,0.9047619047619048,0.8636363636363636
101,iteration_10,fold_1,0.2222222222222222,0.8375,0.7777777777777778,0.7407407407407407,0.8571428571428572,0.7090909090909092,0.9,0.8181818181818182
102,iteration_10,fold_2,0.14814814814814814,0.85,0.8518518518518519,0.7037037037037037,0.9,0.8452380952380952,0.9473684210526315,0.8571428571428571
103,iteration_10,fold_3,0.40740740740740744,0.8541666666666666,0.5925925925925926,0.8148148148148148,0.7441860465116279,0.38095238095238093,0.7272727272727273,0.7619047619047619
104,iteration_10,fold_4,0.2592592592592593,0.8708333333333333,0.7407407407407407,0.8148148148148148,0.8372093023255814,0.5952380952380953,0.8181818181818182,0.8571428571428571
105,iteration_10,fold_5,0.37037037037037035,0.875,0.6296296296296297,0.7777777777777778,0.7619047619047619,0.4642857142857142,0.7619047619047619,0.7619047619047619
106,iteration_10,fold_6,0.2222222222222222,0.8541666666666666,0.7777777777777778,0.8518518518518519,0.8636363636363636,0.6190476190476191,0.8260869565217391,0.9047619047619048
107,iteration_10,fold_7,0.23076923076923073,0.8547717842323651,0.7692307692307693,0.8076923076923077,0.8571428571428571,0.6285714285714286,0.8571428571428571,0.8571428571428571
108,iteration_10,fold_8,0.1923076923076923,0.8630705394190872,0.8076923076923077,0.8461538461538461,0.8837209302325582,0.6523809523809523,0.8636363636363636,0.9047619047619048
109,iteration_10,fold_9,0.3076923076923077,0.8630705394190872,0.6923076923076923,0.8846153846153846,0.8181818181818182,0.42857142857142855,0.782608695652174,0.8571428571428571
110,iteration_11,fold_0,0.2962962962962963,0.85,0.7037037037037037,0.8148148148148148,0.8181818181818182,0.5090909090909091,0.8181818181818182,0.8181818181818182
111,iteration_11,fold_1,0.33333333333333337,0.8458333333333333,0.6666666666666666,0.8518518518518519,0.8,0.4090909090909091,0.782608695652174,0.8181818181818182
112,iteration_11,fold_2,0.2962962962962963,0.8583333333333333,0.7037037037037037,0.8518518518518519,0.8181818181818182,0.5119047619047619,0.782608695652174,0.8571428571428571
113,iteration_11,fold_3,0.2592592592592593,0.8625,0.7407407407407407,0.7407407407407407,0.8292682926829269,0.6547619047619048,0.85,0.8095238095238095
114,iteration_11,fold_4,0.2592592592592593,0.85,0.7407407407407407,0.8148148148148148,0.8372093023255814,0.5952380952380953,0.8181818181818182,0.8571428571428571
115,iteration_11,fold_5,0.33333333333333337,0.85,0.6666666666666666,0.7407407407407407,0.7804878048780488,0.5476190476190477,0.8,0.7619047619047619
116,iteration_11,fold_6,0.2962962962962963,0.8541666666666666,0.7037037037037037,0.7037037037037037,0.8,0.6309523809523809,0.8421052631578947,0.7619047619047619
117,iteration_11,fold_7,0.1923076923076923,0.8506224066390041,0.8076923076923077,0.8461538461538461,0.8837209302325582,0.6523809523809523,0.8636363636363636,0.9047619047619048
118,iteration_11,fold_8,0.2692307692307693,0.8547717842323651,0.7307692307692307,0.8461538461538461,0.8372093023255814,0.5285714285714286,0.8181818181818182,0.8571428571428571
119,iteration_11,fold_9,0.23076923076923073,0.8589211618257261,0.7692307692307693,0.8076923076923077,0.8571428571428571,0.6285714285714286,0.8571428571428571,0.8571428571428571
120,iteration_12,fold_0,0.2592592592592593,0.8666666666666667,0.7407407407407407,0.7777777777777778,0.8372093023255814,0.6090909090909091,0.8571428571428571,0.8181818181818182
121,iteration_12,fold_1,0.33333333333333337,0.8458333333333333,0.6666666666666666,0.7037037037037037,0.7804878048780488,0.5636363636363636,0.8421052631578947,0.7272727272727273
122,iteration_12,fold_2,0.2222222222222222,0.875,0.7777777777777778,0.7777777777777778,0.8571428571428571,0.6785714285714286,0.8571428571428571,0.8571428571428571
123,iteration_12,fold_3,0.33333333333333337,0.85,0.6666666666666666,0.8888888888888888,0.7999999999999999,0.42857142857142855,0.75,0.8571428571428571
124,iteration_12,fold_4,0.2592592592592593,0.8416666666666667,0.7407407407407407,0.8888888888888888,0.8444444444444444,0.5357142857142857,0.7916666666666666,0.9047619047619048
125,iteration_12,fold_5,0.2592592592592593,0.8541666666666666,0.7407407407407407,0.8888888888888888,0.8444444444444444,0.5357142857142857,0.7916666666666666,0.9047619047619048
126,iteration_12,fold_6,0.2592592592592593,0.8708333333333333,0.7407407407407407,0.8148148148148148,0.8372093023255814,0.5952380952380953,0.8181818181818182,0.8571428571428571
127,iteration_12,fold_7,0.1923076923076923,0.8589211618257261,0.8076923076923077,0.8461538461538461,0.8837209302325582,0.6523809523809523,0.8636363636363636,0.9047619047619048
128,iteration_12,fold_8,0.15384615384615385,0.8464730290456431,0.8461538461538461,0.8076923076923077,0.9047619047619048,0.7523809523809524,0.9047619047619048,0.9047619047619048
129,iteration_12,fold_9,0.1923076923076923,0.8423236514522822,0.8076923076923077,0.9230769230769231,0.888888888888889,0.5761904761904761,0.8333333333333334,0.9523809523809523
130,iteration_13,fold_0,0.2592592592592593,0.8583333333333333,0.7407407407407407,0.7037037037037037,0.8292682926829269,0.6863636363636363,0.8947368421052632,0.7727272727272727
131,iteration_13,fold_1,0.18518518518518523,0.85,0.8148148148148148,0.8518518518518519,0.888888888888889,0.6545454545454545,0.8695652173913043,0.9090909090909091
132,iteration_13,fold_2,0.33333333333333337,0.8541666666666666,0.6666666666666666,0.8148148148148148,0.7906976744186046,0.4880952380952381,0.7727272727272727,0.8095238095238095
133,iteration_13,fold_3,0.14814814814814814,0.8541666666666666,0.8518518518518519,0.9259259259259259,0.9130434782608696,0.6666666666666667,0.84,1.0
134,iteration_13,fold_4,0.18518518518518523,0.8583333333333333,0.8148148148148148,0.8888888888888888,0.888888888888889,0.6428571428571428,0.8333333333333334,0.9523809523809523
135,iteration_13,fold_5,0.2962962962962963,0.8625,0.7037037037037037,0.6296296296296297,0.7894736842105262,0.6904761904761906,0.8823529411764706,0.7142857142857143
136,iteration_13,fold_6,0.2222222222222222,0.8375,0.7777777777777778,0.8518518518518519,0.8636363636363636,0.6190476190476191,0.8260869565217391,0.9047619047619048
137,iteration_13,fold_7,0.3076923076923077,0.8547717842323651,0.6923076923076923,0.8076923076923077,0.8095238095238095,0.5047619047619047,0.8095238095238095,0.8095238095238095
138,iteration_13,fold_8,0.2692307692307693,0.8672199170124482,0.7307692307692307,0.6923076923076923,0.8205128205128205,0.680952380952381,0.8888888888888888,0.7619047619047619
139,iteration_13,fold_9,0.1923076923076923,0.8381742738589212,0.8076923076923077,0.8461538461538461,0.8837209302325582,0.6523809523809523,0.8636363636363636,0.9047619047619048
140,iteration_14,fold_0,0.2962962962962963,0.8458333333333333,0.7037037037037037,0.8148148148148148,0.8181818181818182,0.5090909090909091,0.8181818181818182,0.8181818181818182
141,iteration_14,fold_1,0.2962962962962963,0.8708333333333333,0.7037037037037037,0.7407407407407407,0.8095238095238095,0.5863636363636364,0.85,0.7727272727272727
142,iteration_14,fold_2,0.18518518518518523,0.8583333333333333,0.8148148148148148,0.8148148148148148,0.8837209302325582,0.7023809523809523,0.8636363636363636,0.9047619047619048
143,iteration_14,fold_3,0.33333333333333337,0.8625,0.6666666666666666,0.7407407407407407,0.7804878048780488,0.5476190476190477,0.8,0.7619047619047619
144,iteration_14,fold_4,0.37037037037037035,0.8708333333333333,0.6296296296296297,0.7777777777777778,0.7619047619047619,0.4642857142857142,0.7619047619047619,0.7619047619047619
145,iteration_14,fold_5,0.18518518518518523,0.8458333333333333,0.8148148148148148,0.8888888888888888,0.888888888888889,0.6428571428571428,0.8333333333333334,0.9523809523809523
146,iteration_14,fold_6,0.2592592592592593,0.8416666666666667,0.7407407407407407,0.8148148148148148,0.8372093023255814,0.5952380952380953,0.8181818181818182,0.8571428571428571
147,iteration_14,fold_7,0.07692307692307687,0.8340248962655602,0.9230769230769231,0.8076923076923077,0.9523809523809523,0.8761904761904762,0.9523809523809523,0.9523809523809523
148,iteration_14,fold_8,0.1923076923076923,0.8340248962655602,0.8076923076923077,0.9230769230769231,0.888888888888889,0.5761904761904761,0.8333333333333334,0.9523809523809523
149,iteration_14,fold_9,0.2692307692307693,0.8630705394190872,0.7307692307692307,0.9230769230769231,0.8444444444444444,0.4523809523809524,0.7916666666666666,0.9047619047619048
150,iteration_15,fold_0,0.33333333333333337,0.8458333333333333,0.6666666666666666,0.7037037037037037,0.7804878048780488,0.5636363636363636,0.8421052631578947,0.7272727272727273
151,iteration_15,fold_1,0.2592592592592593,0.85,0.7407407407407407,0.8518518518518519,0.8444444444444444,0.5318181818181817,0.8260869565217391,0.8636363636363636
152,iteration_15,fold_2,0.18518518518518523,0.85,0.8148148148148148,0.8888888888888888,0.888888888888889,0.6428571428571428,0.8333333333333334,0.9523809523809523
153,iteration_15,fold_3,0.18518518518518523,0.85,0.8148148148148148,0.8148148148148148,0.8837209302325582,0.7023809523809523,0.8636363636363636,0.9047619047619048
154,iteration_15,fold_4,0.37037037037037035,0.8666666666666667,0.6296296296296297,0.8518518518518519,0.7727272727272727,0.40476190476190477,0.7391304347826086,0.8095238095238095
155,iteration_15,fold_5,0.37037037037037035,0.8791666666666667,0.6296296296296297,0.7037037037037037,0.7500000000000001,0.5238095238095238,0.7894736842105263,0.7142857142857143
156,iteration_15,fold_6,0.2592592592592593,0.85,0.7407407407407407,0.8888888888888888,0.8444444444444444,0.5357142857142857,0.7916666666666666,0.9047619047619048
157,iteration_15,fold_7,0.23076923076923073,0.8423236514522822,0.7692307692307693,0.8846153846153846,0.8636363636363636,0.5523809523809524,0.8260869565217391,0.9047619047619048
158,iteration_15,fold_8,0.15384615384615385,0.8547717842323651,0.8461538461538461,0.8076923076923077,0.9047619047619048,0.7523809523809524,0.9047619047619048,0.9047619047619048
159,iteration_15,fold_9,0.3076923076923077,0.8589211618257261,0.6923076923076923,0.7307692307692307,0.8,0.5809523809523809,0.8421052631578947,0.7619047619047619
160,iteration_16,fold_0,0.2592592592592593,0.85,0.7407407407407407,0.8518518518518519,0.8444444444444444,0.5318181818181817,0.8260869565217391,0.8636363636363636
161,iteration_16,fold_1,0.2222222222222222,0.8583333333333333,0.7777777777777778,0.8148148148148148,0.8636363636363636,0.6318181818181818,0.8636363636363636,0.8636363636363636
162,iteration_16,fold_2,0.2592592592592593,0.8458333333333333,0.7407407407407407,0.8148148148148148,0.8372093023255814,0.5952380952380953,0.8181818181818182,0.8571428571428571
163,iteration_16,fold_3,0.2222222222222222,0.8583333333333333,0.7777777777777778,0.8518518518518519,0.8636363636363636,0.6190476190476191,0.8260869565217391,0.9047619047619048
164,iteration_16,fold_4,0.33333333333333337,0.8625,0.6666666666666666,0.8888888888888888,0.7999999999999999,0.42857142857142855,0.75,0.8571428571428571
165,iteration_16,fold_5,0.2962962962962963,0.8416666666666667,0.7037037037037037,0.8518518518518519,0.8181818181818182,0.5119047619047619,0.782608695652174,0.8571428571428571
166,iteration_16,fold_6,0.2222222222222222,0.875,0.7777777777777778,0.8518518518518519,0.8636363636363636,0.6190476190476191,0.8260869565217391,0.9047619047619048
167,iteration_16,fold_7,0.1923076923076923,0.8589211618257261,0.8076923076923077,0.7692307692307693,0.8780487804878048,0.7285714285714286,0.9,0.8571428571428571
168,iteration_16,fold_8,0.34615384615384615,0.8506224066390041,0.6538461538461539,0.6923076923076923,0.7692307692307692,0.5571428571428572,0.8333333333333334,0.7142857142857143
169,iteration_16,fold_9,0.2692307692307693,0.8464730290456431,0.7307692307692307,0.7692307692307693,0.8292682926829269,0.6047619047619048,0.85,0.8095238095238095
170,iteration_17,fold_0,0.37037037037037035,0.8625,0.6296296296296297,0.6666666666666666,0.7499999999999999,0.5409090909090909,0.8333333333333334,0.6818181818181818
171,iteration_17,fold_1,0.2962962962962963,0.875,0.7037037037037037,0.8148148148148148,0.8181818181818182,0.5090909090909091,0.8181818181818182,0.8181818181818182
172,iteration_17,fold_2,0.2222222222222222,0.8583333333333333,0.7777777777777778,0.8518518518518519,0.8636363636363636,0.6190476190476191,0.8260869565217391,0.9047619047619048
173,iteration_17,fold_3,0.2222222222222222,0.8416666666666667,0.7777777777777778,0.9259259259259259,0.8695652173913043,0.5595238095238094,0.8,0.9523809523809523
174,iteration_17,fold_4,0.2592592592592593,0.8708333333333333,0.7407407407407407,0.7407407407407407,0.8292682926829269,0.6547619047619048,0.85,0.8095238095238095
175,iteration_17,fold_5,0.2962962962962963,0.8458333333333333,0.7037037037037037,0.8518518518518519,0.8181818181818182,0.5119047619047619,0.782608695652174,0.8571428571428571
176,iteration_17,fold_6,0.2222222222222222,0.8625,0.7777777777777778,0.8518518518518519,0.8636363636363636,0.6190476190476191,0.8260869565217391,0.9047619047619048
177,iteration_17,fold_7,0.23076923076923073,0.8423236514522822,0.7692307692307693,0.8076923076923077,0.8571428571428571,0.6285714285714286,0.8571428571428571,0.8571428571428571
178,iteration_17,fold_8,0.3846153846153846,0.8713692946058091,0.6153846153846154,0.7307692307692307,0.7500000000000001,0.4571428571428572,0.7894736842105263,0.7142857142857143
179,iteration_17,fold_9,0.15384615384615385,0.8506224066390041,0.8461538461538461,0.8846153846153846,0.909090909090909,0.6761904761904762,0.8695652173913043,0.9523809523809523
180,iteration_18,fold_0,0.2222222222222222,0.8583333333333333,0.7777777777777778,0.8888888888888888,0.8695652173913043,0.5545454545454545,0.8333333333333334,0.9090909090909091
181,iteration_18,fold_1,0.2222222222222222,0.8791666666666667,0.7777777777777778,0.8888888888888888,0.8695652173913043,0.5545454545454545,0.8333333333333334,0.9090909090909091
182,iteration_18,fold_2,0.2222222222222222,0.8541666666666666,0.7777777777777778,0.8518518518518519,0.8636363636363636,0.6190476190476191,0.8260869565217391,0.9047619047619048
183,iteration_18,fold_3,0.4444444444444444,0.85,0.5555555555555556,0.6296296296296297,0.6842105263157895,0.4761904761904762,0.7647058823529411,0.6190476190476191
184,iteration_18,fold_4,0.18518518518518523,0.8583333333333333,0.8148148148148148,0.8888888888888888,0.888888888888889,0.6428571428571428,0.8333333333333334,0.9523809523809523
185,iteration_18,fold_5,0.18518518518518523,0.8375,0.8148148148148148,0.8148148148148148,0.8837209302325582,0.7023809523809523,0.8636363636363636,0.9047619047619048
186,iteration_18,fold_6,0.2962962962962963,0.85,0.7037037037037037,0.8518518518518519,0.8181818181818182,0.5119047619047619,0.782608695652174,0.8571428571428571
187,iteration_18,fold_7,0.15384615384615385,0.8464730290456431,0.8461538461538461,0.8076923076923077,0.9047619047619048,0.7523809523809524,0.9047619047619048,0.9047619047619048
188,iteration_18,fold_8,0.34615384615384615,0.8381742738589212,0.6538461538461539,0.8461538461538461,0.7906976744186046,0.40476190476190477,0.7727272727272727,0.8095238095238095
189,iteration_18,fold_9,0.2692307692307693,0.8506224066390041,0.7307692307692307,0.7692307692307693,0.8292682926829269,0.6047619047619048,0.85,0.8095238095238095
190,iteration_19,fold_0,0.33333333333333337,0.8625,0.6666666666666666,0.8518518518518519,0.8,0.4090909090909091,0.782608695652174,0.8181818181818182
191,iteration_19,fold_1,0.2222222222222222,0.8333333333333334,0.7777777777777778,0.8888888888888888,0.8695652173913043,0.5545454545454545,0.8333333333333334,0.9090909090909091
192,iteration_19,fold_2,0.14814814814814814,0.8541666666666666,0.8518518518518519,0.7777777777777778,0.9047619047619048,0.7857142857142858,0.9047619047619048,0.9047619047619048
193,iteration_19,fold_3,0.18518518518518523,0.8541666666666666,0.8148148148148148,0.8148148148148148,0.8837209302325582,0.7023809523809523,0.8636363636363636,0.9047619047619048
194,iteration_19,fold_4,0.33333333333333337,0.85,0.6666666666666666,0.8148148148148148,0.7906976744186046,0.4880952380952381,0.7727272727272727,0.8095238095238095
195,iteration_19,fold_5,0.37037037037037035,0.8833333333333333,0.6296296296296297,0.7037037037037037,0.7500000000000001,0.5238095238095238,0.7894736842105263,0.7142857142857143
196,iteration_19,fold_6,0.2222222222222222,0.8416666666666667,0.7777777777777778,0.8518518518518519,0.8636363636363636,0.6190476190476191,0.8260869565217391,0.9047619047619048
197,iteration_19,fold_7,0.23076923076923073,0.8381742738589212,0.7692307692307693,0.7307692307692307,0.8500000000000001,0.7047619047619047,0.8947368421052632,0.8095238095238095
198,iteration_19,fold_8,0.2692307692307693,0.8630705394190872,0.7307692307692307,0.8461538461538461,0.8372093023255814,0.5285714285714286,0.8181818181818182,0.8571428571428571
199,iteration_19,fold_9,0.3076923076923077,0.8464730290456431,0.6923076923076923,0.8076923076923077,0.8095238095238095,0.5047619047619047,0.8095238095238095,0.8095238095238095
200,iteration_20,fold_0,0.07407407407407407,0.8416666666666667,0.9259259259259259,0.8888888888888888,0.9565217391304348,0.8,0.9166666666666666,1.0
201,iteration_20,fold_1,0.37037037037037035,0.8583333333333333,0.6296296296296297,0.8148148148148148,0.7727272727272727,0.38636363636363635,0.7727272727272727,0.7727272727272727
202,iteration_20,fold_2,0.2962962962962963,0.8625,0.7037037037037037,0.8518518518518519,0.8181818181818182,0.5119047619047619,0.782608695652174,0.8571428571428571
203,iteration_20,fold_3,0.2222222222222222,0.8666666666666667,0.7777777777777778,0.7777777777777778,0.8571428571428571,0.6785714285714286,0.8571428571428571,0.8571428571428571
204,iteration_20,fold_4,0.2222222222222222,0.8625,0.7777777777777778,0.7777777777777778,0.8571428571428571,0.6785714285714286,0.8571428571428571,0.8571428571428571
205,iteration_20,fold_5,0.2222222222222222,0.85,0.7777777777777778,0.7777777777777778,0.8571428571428571,0.6785714285714286,0.8571428571428571,0.8571428571428571
206,iteration_20,fold_6,0.2592592592592593,0.8666666666666667,0.7407407407407407,0.8888888888888888,0.8444444444444444,0.5357142857142857,0.7916666666666666,0.9047619047619048
207,iteration_20,fold_7,0.23076923076923073,0.8464730290456431,0.7692307692307693,0.8076923076923077,0.8571428571428571,0.6285714285714286,0.8571428571428571,0.8571428571428571
208,iteration_20,fold_8,0.23076923076923073,0.8340248962655602,0.7692307692307693,0.8076923076923077,0.8571428571428571,0.6285714285714286,0.8571428571428571,0.8571428571428571
209,iteration_20,fold_9,0.2692307692307693,0.8506224066390041,0.7307692307692307,0.7692307692307693,0.8292682926829269,0.6047619047619048,0.85,0.8095238095238095
210,iteration_21,fold_0,0.2592592592592593,0.8583333333333333,0.7407407407407407,0.7777777777777778,0.8372093023255814,0.6090909090909091,0.8571428571428571,0.8181818181818182
211,iteration_21,fold_1,0.14814814814814814,0.8375,0.8518518518518519,0.8148148148148148,0.9090909090909091,0.7545454545454546,0.9090909090909091,0.9090909090909091
212,iteration_21,fold_2,0.18518518518518523,0.8416666666666667,0.8148148148148148,0.8888888888888888,0.888888888888889,0.6428571428571428,0.8333333333333334,0.9523809523809523
213,iteration_21,fold_3,0.2222222222222222,0.8625,0.7777777777777778,0.7777777777777778,0.8571428571428571,0.6785714285714286,0.8571428571428571,0.8571428571428571
214,iteration_21,fold_4,0.18518518518518523,0.8458333333333333,0.8148148148148148,0.8888888888888888,0.888888888888889,0.6428571428571428,0.8333333333333334,0.9523809523809523
215,iteration_21,fold_5,0.40740740740740744,0.8666666666666667,0.5925925925925926,0.8148148148148148,0.7441860465116279,0.38095238095238093,0.7272727272727273,0.7619047619047619
216,iteration_21,fold_6,0.2222222222222222,0.8708333333333333,0.7777777777777778,0.8518518518518519,0.8636363636363636,0.6190476190476191,0.8260869565217391,0.9047619047619048
217,iteration_21,fold_7,0.15384615384615385,0.8630705394190872,0.8461538461538461,0.9615384615384616,0.9130434782608696,0.6,0.84,1.0
218,iteration_21,fold_8,0.46153846153846156,0.8589211618257261,0.5384615384615384,0.7307692307692307,0.7,0.3333333333333333,0.7368421052631579,0.6666666666666666
219,iteration_21,fold_9,0.23076923076923073,0.8547717842323651,0.7692307692307693,0.7307692307692307,0.8500000000000001,0.7047619047619047,0.8947368421052632,0.8095238095238095
220,iteration_22,fold_0,0.2222222222222222,0.8625,0.7777777777777778,0.8148148148148148,0.8636363636363636,0.6318181818181818,0.8636363636363636,0.8636363636363636
221,iteration_22,fold_1,0.2962962962962963,0.8583333333333333,0.7037037037037037,0.8888888888888888,0.8260869565217391,0.4318181818181818,0.7916666666666666,0.8636363636363636
222,iteration_22,fold_2,0.33333333333333337,0.8625,0.6666666666666666,0.7407407407407407,0.7804878048780488,0.5476190476190477,0.8,0.7619047619047619
223,iteration_22,fold_3,0.2962962962962963,0.8458333333333333,0.7037037037037037,0.7777777777777778,0.8095238095238095,0.5714285714285714,0.8095238095238095,0.8095238095238095
224,iteration_22,fold_4,0.2592592592592593,0.8583333333333333,0.7407407407407407,0.6666666666666666,0.8205128205128205,0.7142857142857143,0.8888888888888888,0.7619047619047619
225,iteration_22,fold_5,0.2962962962962963,0.8333333333333334,0.7037037037037037,0.7037037037037037,0.8,0.6309523809523809,0.8421052631578947,0.7619047619047619
226,iteration_22,fold_6,0.2962962962962963,0.8541666666666666,0.7037037037037037,0.8518518518518519,0.8181818181818182,0.5119047619047619,0.782608695652174,0.8571428571428571
227,iteration_22,fold_7,0.1923076923076923,0.8672199170124482,0.8076923076923077,0.7692307692307693,0.8780487804878048,0.7285714285714286,0.9,0.8571428571428571
228,iteration_22,fold_8,0.15384615384615385,0.8464730290456431,0.8461538461538461,0.8846153846153846,0.909090909090909,0.6761904761904762,0.8695652173913043,0.9523809523809523
229,iteration_22,fold_9,0.2692307692307693,0.8381742738589212,0.7307692307692307,0.8461538461538461,0.8372093023255814,0.5285714285714286,0.8181818181818182,0.8571428571428571
230,iteration_23,fold_0,0.18518518518518523,0.875,0.8148148148148148,0.8518518518518519,0.888888888888889,0.6545454545454545,0.8695652173913043,0.9090909090909091
231,iteration_23,fold_1,0.18518518518518523,0.8375,0.8148148148148148,0.8518518518518519,0.888888888888889,0.6545454545454545,0.8695652173913043,0.9090909090909091
232,iteration_23,fold_2,0.14814814814814814,0.8625,0.8518518518518519,0.9259259259259259,0.9130434782608696,0.6666666666666667,0.84,1.0
233,iteration_23,fold_3,0.33333333333333337,0.85,0.6666666666666666,0.6666666666666666,0.7692307692307692,0.6071428571428572,0.8333333333333334,0.7142857142857143
234,iteration_23,fold_4,0.2962962962962963,0.8625,0.7037037037037037,0.7037037037037037,0.8,0.6309523809523809,0.8421052631578947,0.7619047619047619
235,iteration_23,fold_5,0.18518518518518523,0.8541666666666666,0.8148148148148148,0.8148148148148148,0.8837209302325582,0.7023809523809523,0.8636363636363636,0.9047619047619048
236,iteration_23,fold_6,0.18518518518518523,0.8458333333333333,0.8148148148148148,0.9629629629629629,0.8936170212765957,0.5833333333333333,0.8076923076923077,1.0
237,iteration_23,fold_7,0.2692307692307693,0.8340248962655602,0.7307692307692307,0.8461538461538461,0.8372093023255814,0.5285714285714286,0.8181818181818182,0.8571428571428571
238,iteration_23,fold_8,0.3076923076923077,0.8423236514522822,0.6923076923076923,0.7307692307692307,0.8,0.5809523809523809,0.8421052631578947,0.7619047619047619
239,iteration_23,fold_9,0.2692307692307693,0.8589211618257261,0.7307692307692307,0.7692307692307693,0.8292682926829269,0.6047619047619048,0.85,0.8095238095238095
240,iteration_24,fold_0,0.2962962962962963,0.8333333333333334,0.7037037037037037,0.8148148148148148,0.8181818181818182,0.5090909090909091,0.8181818181818182,0.8181818181818182
241,iteration_24,fold_1,0.33333333333333337,0.8458333333333333,0.6666666666666666,0.7777777777777778,0.7906976744186046,0.48636363636363633,0.8095238095238095,0.7727272727272727
242,iteration_24,fold_2,0.2592592592592593,0.8541666666666666,0.7407407407407407,0.8888888888888888,0.8444444444444444,0.5357142857142857,0.7916666666666666,0.9047619047619048
243,iteration_24,fold_3,0.2592592592592593,0.8625,0.7407407407407407,0.7407407407407407,0.8292682926829269,0.6547619047619048,0.85,0.8095238095238095
244,iteration_24,fold_4,0.2592592592592593,0.85,0.7407407407407407,0.8888888888888888,0.8444444444444444,0.5357142857142857,0.7916666666666666,0.9047619047619048
245,iteration_24,fold_5,0.33333333333333337,0.85,0.6666666666666666,0.8148148148148148,0.7906976744186046,0.4880952380952381,0.7727272727272727,0.8095238095238095
246,iteration_24,fold_6,0.18518518518518523,0.8541666666666666,0.8148148148148148,0.8148148148148148,0.8837209302325582,0.7023809523809523,0.8636363636363636,0.9047619047619048
247,iteration_24,fold_7,0.15384615384615385,0.8464730290456431,0.8461538461538461,0.9615384615384616,0.9130434782608696,0.6,0.84,1.0
248,iteration_24,fold_8,0.3076923076923077,0.8506224066390041,0.6923076923076923,0.8076923076923077,0.8095238095238095,0.5047619047619047,0.8095238095238095,0.8095238095238095
249,iteration_24,fold_9,0.3076923076923077,0.8423236514522822,0.6923076923076923,0.8076923076923077,0.8095238095238095,0.5047619047619047,0.8095238095238095,0.8095238095238095
250,iteration_25,fold_0,0.2962962962962963,0.8541666666666666,0.7037037037037037,0.7407407407407407,0.8095238095238095,0.5863636363636364,0.85,0.7727272727272727
251,iteration_25,fold_1,0.18518518518518523,0.8666666666666667,0.8148148148148148,0.8518518518518519,0.888888888888889,0.6545454545454545,0.8695652173913043,0.9090909090909091
252,iteration_25,fold_2,0.2962962962962963,0.8666666666666667,0.7037037037037037,0.7037037037037037,0.8,0.6309523809523809,0.8421052631578947,0.7619047619047619
253,iteration_25,fold_3,0.33333333333333337,0.8375,0.6666666666666666,0.8148148148148148,0.7906976744186046,0.4880952380952381,0.7727272727272727,0.8095238095238095
254,iteration_25,fold_4,0.2592592592592593,0.85,0.7407407407407407,0.8148148148148148,0.8372093023255814,0.5952380952380953,0.8181818181818182,0.8571428571428571
255,iteration_25,fold_5,0.18518518518518523,0.8583333333333333,0.8148148148148148,0.8148148148148148,0.8837209302325582,0.7023809523809523,0.8636363636363636,0.9047619047619048
256,iteration_25,fold_6,0.2592592592592593,0.8416666666666667,0.7407407407407407,0.8148148148148148,0.8372093023255814,0.5952380952380953,0.8181818181818182,0.8571428571428571
257,iteration_25,fold_7,0.3076923076923077,0.8672199170124482,0.6923076923076923,0.8846153846153846,0.8181818181818182,0.42857142857142855,0.782608695652174,0.8571428571428571
258,iteration_25,fold_8,0.23076923076923073,0.8672199170124482,0.7692307692307693,0.8846153846153846,0.8636363636363636,0.5523809523809524,0.8260869565217391,0.9047619047619048
259,iteration_25,fold_9,0.2692307692307693,0.8298755186721992,0.7307692307692307,0.7692307692307693,0.8292682926829269,0.6047619047619048,0.85,0.8095238095238095
260,iteration_26,fold_0,0.11111111111111116,0.8541666666666666,0.8888888888888888,0.8518518518518519,0.9333333333333332,0.7772727272727272,0.9130434782608695,0.9545454545454546
261,iteration_26,fold_1,0.33333333333333337,0.8666666666666667,0.6666666666666666,0.7777777777777778,0.7906976744186046,0.48636363636363633,0.8095238095238095,0.7727272727272727
262,iteration_26,fold_2,0.18518518518518523,0.85,0.8148148148148148,0.8888888888888888,0.888888888888889,0.6428571428571428,0.8333333333333334,0.9523809523809523
263,iteration_26,fold_3,0.2592592592592593,0.8541666666666666,0.7407407407407407,0.9629629629629629,0.8510638297872339,0.47619047619047616,0.7692307692307693,0.9523809523809523
264,iteration_26,fold_4,0.2962962962962963,0.8666666666666667,0.7037037037037037,0.7777777777777778,0.8095238095238095,0.5714285714285714,0.8095238095238095,0.8095238095238095
265,iteration_26,fold_5,0.2222222222222222,0.8375,0.7777777777777778,0.7777777777777778,0.8571428571428571,0.6785714285714286,0.8571428571428571,0.8571428571428571
266,iteration_26,fold_6,0.2962962962962963,0.8708333333333333,0.7037037037037037,0.8518518518518519,0.8181818181818182,0.5119047619047619,0.782608695652174,0.8571428571428571
267,iteration_26,fold_7,0.2692307692307693,0.8381742738589212,0.7307692307692307,0.7692307692307693,0.8292682926829269,0.6047619047619048,0.85,0.8095238095238095
268,iteration_26,fold_8,0.2692307692307693,0.8381742738589212,0.7307692307692307,0.8461538461538461,0.8372093023255814,0.5285714285714286,0.8181818181818182,0.8571428571428571
269,iteration_26,fold_9,0.3846153846153846,0.8506224066390041,0.6153846153846154,0.6538461538461539,0.7368421052631577,0.5333333333333333,0.8235294117647058,0.6666666666666666
270,iteration_27,fold_0,0.2962962962962963,0.8333333333333334,0.7037037037037037,0.7407407407407407,0.8095238095238095,0.5863636363636364,0.85,0.7727272727272727
271,iteration_27,fold_1,0.33333333333333337,0.8541666666666666,0.6666666666666666,0.8518518518518519,0.8,0.4090909090909091,0.782608695652174,0.8181818181818182
272,iteration_27,fold_2,0.2592592592592593,0.8458333333333333,0.7407407407407407,0.9629629629629629,0.8510638297872339,0.47619047619047616,0.7692307692307693,0.9523809523809523
273,iteration_27,fold_3,0.2962962962962963,0.8583333333333333,0.7037037037037037,0.8518518518518519,0.8181818181818182,0.5119047619047619,0.782608695652174,0.8571428571428571
274,iteration_27,fold_4,0.18518518518518523,0.8458333333333333,0.8148148148148148,0.9629629629629629,0.8936170212765957,0.5833333333333333,0.8076923076923077,1.0
275,iteration_27,fold_5,0.11111111111111116,0.8625,0.8888888888888888,0.8148148148148148,0.9302325581395349,0.8095238095238095,0.9090909090909091,0.9523809523809523
276,iteration_27,fold_6,0.2962962962962963,0.8666666666666667,0.7037037037037037,0.7777777777777778,0.8095238095238095,0.5714285714285714,0.8095238095238095,0.8095238095238095
277,iteration_27,fold_7,0.2692307692307693,0.8547717842323651,0.7307692307692307,0.7692307692307693,0.8292682926829269,0.6047619047619048,0.85,0.8095238095238095
278,iteration_27,fold_8,0.3076923076923077,0.8672199170124482,0.6923076923076923,0.8076923076923077,0.8095238095238095,0.5047619047619047,0.8095238095238095,0.8095238095238095
279,iteration_27,fold_9,0.3076923076923077,0.8589211618257261,0.6923076923076923,0.8076923076923077,0.8095238095238095,0.5047619047619047,0.8095238095238095,0.8095238095238095
280,iteration_28,fold_0,0.14814814814814814,0.8541666666666666,0.8518518518518519,0.8148148148148148,0.9090909090909091,0.7545454545454546,0.9090909090909091,0.9090909090909091
281,iteration_28,fold_1,0.14814814814814814,0.85,0.8518518518518519,0.8888888888888888,0.9130434782608695,0.6772727272727272,0.875,0.9545454545454546
282,iteration_28,fold_2,0.37037037037037035,0.8625,0.6296296296296297,0.7777777777777778,0.7619047619047619,0.4642857142857142,0.7619047619047619,0.7619047619047619
283,iteration_28,fold_3,0.18518518518518523,0.8416666666666667,0.8148148148148148,0.7407407407407407,0.8780487804878048,0.7619047619047621,0.9,0.8571428571428571
284,iteration_28,fold_4,0.37037037037037035,0.8458333333333333,0.6296296296296297,0.8518518518518519,0.7727272727272727,0.40476190476190477,0.7391304347826086,0.8095238095238095
285,iteration_28,fold_5,0.2962962962962963,0.8333333333333334,0.7037037037037037,0.7777777777777778,0.8095238095238095,0.5714285714285714,0.8095238095238095,0.8095238095238095
286,iteration_28,fold_6,0.2592592592592593,0.8666666666666667,0.7407407407407407,0.8148148148148148,0.8372093023255814,0.5952380952380953,0.8181818181818182,0.8571428571428571
287,iteration_28,fold_7,0.2692307692307693,0.8589211618257261,0.7307692307692307,0.7692307692307693,0.8292682926829269,0.6047619047619048,0.85,0.8095238095238095
288,iteration_28,fold_8,0.1923076923076923,0.8589211618257261,0.8076923076923077,0.8461538461538461,0.8837209302325582,0.6523809523809523,0.8636363636363636,0.9047619047619048
289,iteration_28,fold_9,0.1923076923076923,0.8506224066390041,0.8076923076923077,0.7692307692307693,0.8780487804878048,0.7285714285714286,0.9,0.8571428571428571
290,iteration_29,fold_0,0.2222222222222222,0.8416666666666667,0.7777777777777778,0.7407407407407407,0.8571428571428572,0.7090909090909092,0.9,0.8181818181818182
291,iteration_29,fold_1,0.2222222222222222,0.8458333333333333,0.7777777777777778,0.9629629629629629,0.875,0.4772727272727273,0.8076923076923077,0.9545454545454546
292,iteration_29,fold_2,0.37037037037037035,0.8791666666666667,0.6296296296296297,0.8518518518518519,0.7727272727272727,0.40476190476190477,0.7391304347826086,0.8095238095238095
293,iteration_29,fold_3,0.2592592592592593,0.8583333333333333,0.7407407407407407,0.8888888888888888,0.8444444444444444,0.5357142857142857,0.7916666666666666,0.9047619047619048
294,iteration_29,fold_4,0.2592592592592593,0.8541666666666666,0.7407407407407407,0.7407407407407407,0.8292682926829269,0.6547619047619048,0.85,0.8095238095238095
295,iteration_29,fold_5,0.2222222222222222,0.85,0.7777777777777778,0.7777777777777778,0.8571428571428571,0.6785714285714286,0.8571428571428571,0.8571428571428571
296,iteration_29,fold_6,0.18518518518518523,0.8458333333333333,0.8148148148148148,0.8148148148148148,0.8837209302325582,0.7023809523809523,0.8636363636363636,0.9047619047619048
297,iteration_29,fold_7,0.3076923076923077,0.8589211618257261,0.6923076923076923,0.7307692307692307,0.8,0.5809523809523809,0.8421052631578947,0.7619047619047619
298,iteration_29,fold_8,0.1923076923076923,0.8174273858921162,0.8076923076923077,0.6153846153846154,0.8648648648648648,0.8809523809523809,1.0,0.7619047619047619
299,iteration_29,fold_9,0.23076923076923073,0.8340248962655602,0.7692307692307693,0.8846153846153846,0.8636363636363636,0.5523809523809524,0.8260869565217391,0.9047619047619048
